{
	"Author": "Pyon",
	"Name": "PartyPyon",
	"InternalName": "PartyPyon",
	"Punchline": "Automatically recreate party finder listing.",
	"Description": "Automatically recreate party finder listing.",
	"Tags": [ "party", "finder", "pyon" ],
	"CategoryTags": [ "utility" ],
	"AssemblyVersion": "1.0.2.1",
	"Changelog": "Updated for Dawntrail",
	"ApplicableVersion": "any",
	"DalamudApiLevel": 10,
	"IsHide": false,
	"IsTestingExclusive": false,
	"RepoUrl": "https://github.com/priprii/FFXIVPlugins",
	"DownloadLinkInstall": "https://github.com/priprii/FFXIVPlugins/raw/main/bin/PartyPyon.zip",
	"DownloadLinkTesting": "https://github.com/priprii/FFXIVPlugins/raw/main/bin/PartyPyon.zip",
	"DownloadLinkUpdate": "https://github.com/priprii/FFXIVPlugins/raw/main/bin/PartyPyon.zip",
}