{
	"Author": "Pyon",
	"Name": "EventPyon",
	"InternalName": "EventPyon",
	"Punchline": "Event helper for events hosted by Pyon!",
	"Description": "Event helper for events hosted by Pyon!",
	"Tags": [ "event", "pyon" ],
	"CategoryTags": [ "minigames" ],
	"AssemblyVersion": "1.0.0.0",
	"Changelog": "",
	"ApplicableVersion": "any",
	"DalamudApiLevel": 9,
	"IsHide": false,
	"IsTestingExclusive": false,
	"RepoUrl": "https://github.com/priprii/FFXIVPlugins",
	"DownloadLinkInstall": "https://github.com/priprii/FFXIVPlugins/raw/main/bin/EventPyon.zip",
	"DownloadLinkTesting": "https://github.com/priprii/FFXIVPlugins/raw/main/bin/EventPyon.zip",
	"DownloadLinkUpdate": "https://github.com/priprii/FFXIVPlugins/raw/main/bin/EventPyon.zip",
}