{
	"Author": "Pyon",
	"Name": "TriggerPyon",
	"InternalName": "TriggerPyon",
	"Punchline": "Conditionally trigger counter/emote/command/title reactions.",
	"Description": "Conditionally trigger counter/emote/command/title reactions.",
	"Tags": [ "trigger", "pyon", "emotes", "honorific", "title", "commands"  ],
	"CategoryTags": [ "utility" ],
	"AssemblyVersion": "1.1.0.3",
	"Changelog": "",
	"ApplicableVersion": "any",
	"DalamudApiLevel": 13,
	"IsHide": false,
	"IsTestingExclusive": false,
	"RepoUrl": "https://github.com/priprii/FFXIVPlugins",
	"DownloadLinkInstall": "https://github.com/priprii/FFXIVPlugins/raw/main/bin/TriggerPyon.zip",
	"DownloadLinkTesting": "https://github.com/priprii/FFXIVPlugins/raw/main/bin/TriggerPyon.zip",
	"DownloadLinkUpdate": "https://github.com/priprii/FFXIVPlugins/raw/main/bin/TriggerPyon.zip",
}