{
	"Author": "Pyon",
	"Name": "KtisisPyon v0.3",
	"InternalName": "KtisisPyon",
	"Punchline": "A multifaceted scene editor and posing tool for GPose. Pyon version includes selective bone importing, pose flipping, mcdf import and output options.",
	"Description": "A multifaceted scene editor and posing tool for GPose. Pyon version includes selective bone importing, pose flipping, mcdf import and output options.",
	"Tags": [ "ktisis", "gpose", "pose", "pyon" ],
	"CategoryTags": [ "utility" ],
	"AssemblyVersion": "0.3.2.2",
	"Changelog": "Added light import/export, fixed inactive gizmo colour.",
	"ApplicableVersion": "any",
	"DalamudApiLevel": 10,
	"IsHide": false,
	"IsTestingExclusive": false,
	"RepoUrl": "https://github.com/priprii/FFXIVPlugins",
	"DownloadLinkInstall": "https://github.com/priprii/FFXIVPlugins/raw/main/bin/KtisisPyon.zip",
	"DownloadLinkTesting": "https://github.com/priprii/FFXIVPlugins/raw/main/bin/KtisisPyon.zip",
	"DownloadLinkUpdate": "https://github.com/priprii/FFXIVPlugins/raw/main/bin/KtisisPyon.zip"
}