{
	"Author": "Pyon",
	"Name": "KtisisPyon",
	"InternalName": "KtisisPyon",
	"Punchline": "A robust posing tool for creating screenshots in GPose, Pyon version includes additional features like selective bone import, scene editing & output editing.",
	"Description": "A robust posing tool for creating screenshots in GPose, Pyon version includes additional features like selective bone import, scene editing & output editing.",
	"Tags": [ "ktisis", "gpose", "pose", "pyon" ],
	"CategoryTags": [ "utility" ],
	"AssemblyVersion": "0.2.24",
	"Changelog": "Updated for Api10 7.0",
	"ApplicableVersion": "any",
	"DalamudApiLevel": 10,
	"IsHide": false,
	"IsTestingExclusive": false,
	"RepoUrl": "https://github.com/priprii/FFXIVPlugins",
	"DownloadLinkInstall": "https://github.com/priprii/FFXIVPlugins/raw/main/bin/KtisisPyon.zip",
	"DownloadLinkTesting": "https://github.com/priprii/FFXIVPlugins/raw/main/bin/KtisisPyon.zip",
	"DownloadLinkUpdate": "https://github.com/priprii/FFXIVPlugins/raw/main/bin/KtisisPyon.zip"
}