{
	"Author": "Pyon",
	"Name": "KtisisPyon v0.3",
	"InternalName": "KtisisPyon",
	"Punchline": "A multifaceted scene editor and posing tool for GPose. Pyon version includes several additional features which you can view on the repo page.",
	"Description": "A multifaceted scene editor and posing tool for GPose. Pyon version includes several additional features which you can view on the repo page.",
	"Tags": [ "ktisis", "gpose", "pose", "pyon" ],
	"CategoryTags": [ "utility" ],
	"AssemblyVersion": "0.3.5.1",
	"Changelog": "Update for 7.2",
	"ApplicableVersion": "any",
	"DalamudApiLevel": 12,
	"IsHide": false,
	"IsTestingExclusive": false,
	"RepoUrl": "https://github.com/priprii/FFXIVPlugins",
	"DownloadLinkInstall": "https://github.com/priprii/FFXIVPlugins/raw/main/bin/KtisisPyon.zip",
	"DownloadLinkTesting": "https://github.com/priprii/FFXIVPlugins/raw/main/bin/KtisisPyon.zip",
	"DownloadLinkUpdate": "https://github.com/priprii/FFXIVPlugins/raw/main/bin/KtisisPyon.zip"
}