{
	"Author": "Pyon",
	"Name": "KtisisPyon",
	"InternalName": "KtisisPyon",
	"Punchline": "A robust posing tool for creating screenshots in GPose.",
	"Description": "A robust posing tool for creating screenshots in GPose.",
	"Tags": [ "ktisis", "gpose", "pose", "pyon" ],
	"CategoryTags": [ "utility" ],
	"AssemblyVersion": "0.2.8",
	"Changelog": "",
	"ApplicableVersion": "any",
	"DalamudApiLevel": 8,
	"IsHide": false,
	"IsTestingExclusive": false,
	"RepoUrl": "https://github.com/priprii/FFXIVPlugins",
	"DownloadLinkInstall": "https://github.com/priprii/FFXIVPlugins/raw/main/bin/KtisisPyon.zip",
	"DownloadLinkTesting": "https://github.com/priprii/FFXIVPlugins/raw/main/bin/KtisisPyon.zip",
	"DownloadLinkUpdate": "https://github.com/priprii/FFXIVPlugins/raw/main/bin/KtisisPyon.zip"
}