{
	"Author": "Pyon",
	"Name": "PartyRangePyon",
	"InternalName": "PartyRangePyon",
	"Punchline": "Display distance from party members in party list.",
	"Description": "Display distance from party members in party list.",
	"Tags": [ "range", "party", "pyon" ],
	"CategoryTags": [ "utility" ],
	"AssemblyVersion": "1.0.0.2",
	"Changelog": "Updated for Api10 7.0",
	"ApplicableVersion": "any",
	"DalamudApiLevel": 10,
	"IsHide": false,
	"IsTestingExclusive": false,
	"RepoUrl": "https://github.com/priprii/FFXIVPlugins",
	"DownloadLinkInstall": "https://github.com/priprii/FFXIVPlugins/raw/main/bin/PartyRangePyon.zip",
	"DownloadLinkTesting": "https://github.com/priprii/FFXIVPlugins/raw/main/bin/PartyRangePyon.zip",
	"DownloadLinkUpdate": "https://github.com/priprii/FFXIVPlugins/raw/main/bin/PartyRangePyon.zip",
}