{
	"Author": "Pyon",
	"Name": "PyonCam",
	"InternalName": "PyonCam",
	"Punchline": "Cammy, but with some adjustments.",
	"Description": "Cammy, but with some adjustments.",
	"Tags": [ "cam", "camera", "cammy", "pyon" ],
	"CategoryTags": [ "utility" ],
	"AssemblyVersion": "2.1.1.5",
	"Changelog": "Patch 7.1 Api11",
	"ApplicableVersion": "any",
	"DalamudApiLevel": 11,
	"IsHide": false,
	"IsTestingExclusive": false,
	"RepoUrl": "https://github.com/priprii/FFXIVPlugins",
	"DownloadLinkInstall": "https://github.com/priprii/FFXIVPlugins/raw/main/bin/PyonCam.zip",
	"DownloadLinkTesting": "https://github.com/priprii/FFXIVPlugins/raw/main/bin/PyonCam.zip",
	"DownloadLinkUpdate": "https://github.com/priprii/FFXIVPlugins/raw/main/bin/PyonCam.zip",
}