{
	"Author": "Pyon",
	"Name": "PyonCam",
	"InternalName": "PyonCam",
	"Punchline": "Configure presets for custom camera properties & features a freecam mode.",
	"Description": "Configure presets for custom camera properties & features a freecam mode. Based on Cammy but with a simplified UI & various bug fixes.",
	"Tags": [ "cam", "camera", "pyon" ],
	"CategoryTags": [ "utility" ],
	"AssemblyVersion": "2.1.1.7",
	"Changelog": "Update for 7.2",
	"ApplicableVersion": "any",
	"DalamudApiLevel": 12,
	"IsHide": false,
	"IsTestingExclusive": false,
	"RepoUrl": "https://github.com/priprii/FFXIVPlugins",
	"DownloadLinkInstall": "https://github.com/priprii/FFXIVPlugins/raw/main/bin/PyonCam.zip",
	"DownloadLinkTesting": "https://github.com/priprii/FFXIVPlugins/raw/main/bin/PyonCam.zip",
	"DownloadLinkUpdate": "https://github.com/priprii/FFXIVPlugins/raw/main/bin/PyonCam.zip",
}