{
	"Author": "Pyon",
	"Name": "TargetPyon",
	"InternalName": "TargetPyon",
	"Punchline": "Track who is targeting you in an overlay list.",
	"Description": "Track who is targeting you in an overlay list.",
	"Tags": [ "target", "overlay", "pyon" ],
	"CategoryTags": [ "utility" ],
	"AssemblyVersion": "1.0.2.9",
	"Changelog": "Custom audio alert, bug fixes.",
	"ApplicableVersion": "any",
	"DalamudApiLevel": 10,
	"IsHide": false,
	"IsTestingExclusive": false,
	"RepoUrl": "https://github.com/priprii/FFXIVPlugins",
	"DownloadLinkInstall": "https://github.com/priprii/FFXIVPlugins/raw/main/bin/TargetPyon.zip",
	"DownloadLinkTesting": "https://github.com/priprii/FFXIVPlugins/raw/main/bin/TargetPyon.zip",
	"DownloadLinkUpdate": "https://github.com/priprii/FFXIVPlugins/raw/main/bin/TargetPyon.zip",
}