{
	"Author": "Pyon",
	"Name": "TargetPyon",
	"InternalName": "TargetPyon",
	"Punchline": "Track who is targeting you in an overlay list.",
	"Description": "Track who is targeting you in an overlay list.",
	"Tags": [ "target", "overlay", "pyon" ],
	"CategoryTags": [ "utility" ],
	"AssemblyVersion": "1.0.1.2",
	"Changelog": "Conditional visibility + adjustments to font display.",
	"ApplicableVersion": "any",
	"DalamudApiLevel": 9,
	"IsHide": false,
	"IsTestingExclusive": false,
	"RepoUrl": "https://github.com/priprii/FFXIVPlugins",
	"DownloadLinkInstall": "https://github.com/priprii/FFXIVPlugins/raw/main/bin/TargetPyon.zip",
	"DownloadLinkTesting": "https://github.com/priprii/FFXIVPlugins/raw/main/bin/TargetPyon.zip",
	"DownloadLinkUpdate": "https://github.com/priprii/FFXIVPlugins/raw/main/bin/TargetPyon.zip",
}