{
	"Author": "Pyon",
	"Name": "Brio",
	"InternalName": "Brio",
	"Punchline": "",
	"Description": "",
	"Tags": [ "pyon" ],
	"CategoryTags": [ "utility" ],
	"AssemblyVersion": "1.0.0.0",
	"Changelog": "",
	"ApplicableVersion": "any",
	"DalamudApiLevel": 9,
	"IsHide": false,
	"IsTestingExclusive": false,
	"RepoUrl": "https://github.com/priprii/FFXIVPlugins",
	"DownloadLinkInstall": "https://github.com/priprii/FFXIVPlugins/raw/main/bin/Brio.zip",
	"DownloadLinkTesting": "https://github.com/priprii/FFXIVPlugins/raw/main/bin/Brio.zip",
	"DownloadLinkUpdate": "https://github.com/priprii/FFXIVPlugins/raw/main/bin/Brio.zip",
}