{
	"Author": "Pyon",
	"Name": "PricePyon",
	"InternalName": "PricePyon",
	"Punchline": "A more stable version of PriceInsight.",
	"Description": "Query Universalis price data and display on item tooltips.",
	"Tags": [ "price", "item", "pyon" ],
	"CategoryTags": [ "utility" ],
	"AssemblyVersion": "1.0.0.0",
	"Changelog": "",
	"ApplicableVersion": "any",
	"DalamudApiLevel": 10,
	"IsHide": false,
	"IsTestingExclusive": false,
	"RepoUrl": "https://github.com/priprii/FFXIVPlugins",
	"DownloadLinkInstall": "https://github.com/priprii/FFXIVPlugins/raw/main/bin/PricePyon.zip",
	"DownloadLinkTesting": "https://github.com/priprii/FFXIVPlugins/raw/main/bin/PricePyon.zip",
	"DownloadLinkUpdate": "https://github.com/priprii/FFXIVPlugins/raw/main/bin/PricePyon.zip",
}