{
	"Author": "Pyon",
	"Name": "SoundPyon",
	"InternalName": "SoundPyon",
	"Punchline": "Don't like that lala screaming in your ear? Now you can keep them quiet =w=",
	"Description": "Filter out sounds that you don't like!",
	"Tags": [ "sound", "filter", "pyon" ],
	"CategoryTags": [ "utility" ],
	"AssemblyVersion": "1.0.2.0",
	"Changelog": "Api13",
	"ApplicableVersion": "any",
	"DalamudApiLevel": 13,
	"IsHide": false,
	"IsTestingExclusive": false,
	"RepoUrl": "https://github.com/priprii/FFXIVPlugins",
	"DownloadLinkInstall": "https://github.com/priprii/FFXIVPlugins/raw/main/bin/SoundPyon.zip",
	"DownloadLinkTesting": "https://github.com/priprii/FFXIVPlugins/raw/main/bin/SoundPyon.zip",
	"DownloadLinkUpdate": "https://github.com/priprii/FFXIVPlugins/raw/main/bin/SoundPyon.zip",
}