{
	"Author": "Pyon",
	"Name": "ArtisanPyon",
	"InternalName": "ArtisanPyon",
	"Punchline": "Artisan, but without the release build limitation.",
	"Description": "Artisan, but without the release build limitation.",
	"Tags": [ "crafting", "artisan", "pyon" ],
	"CategoryTags": [ "utility" ],
	"AssemblyVersion": "4.0.3.6",
	"Changelog": "",
	"ApplicableVersion": "any",
	"DalamudApiLevel": 12,
	"IsHide": false,
	"IsTestingExclusive": false,
	"RepoUrl": "https://github.com/priprii/FFXIVPlugins",
	"DownloadLinkInstall": "https://github.com/priprii/FFXIVPlugins/raw/main/bin/ArtisanPyon.zip",
	"DownloadLinkTesting": "https://github.com/priprii/FFXIVPlugins/raw/main/bin/ArtisanPyon.zip",
	"DownloadLinkUpdate": "https://github.com/priprii/FFXIVPlugins/raw/main/bin/ArtisanPyon.zip",
}