{
  "Author": "Pyon",
  "Name": "ArtisanPyon",
  "InternalName": "ArtisanPyon",
  "AssemblyVersion": "4.0.3.11",
  "Description": "Artisan, but without the release build limitation.",
  "ApplicableVersion": "any",
  "RepoUrl": "https://github.com/priprii/FFXIVPlugins",
  "Tags": [
    "crafting",
    "artisan",
    "pyon"
  ],
  "CategoryTags": [
    "utility"
  ],
  "DalamudApiLevel": 12,
  "LoadRequiredState": 0,
  "LoadSync": false,
  "CanUnloadAsync": false,
  "LoadPriority": 0,
  "Punchline": "Artisan, but without the release build limitation.",
  "Changelog": "",
  "AcceptsFeedback": true
}