{
	"Author": "Pyon",
	"Name": "ArtisanPyon",
	"InternalName": "ArtisanPyon",
	"Punchline": "Artisan, but without the release build limitation.",
	"Description": "Artisan, but without the release build limitation.",
	"Tags": [ "crafting", "artisan", "pyon" ],
	"CategoryTags": [ "utility" ],
	"AssemblyVersion": "4.0.1.5",
	"Changelog": "- Adds 'Touch Combo' action for macros.\n- Lists will now show individual recipe progress when processing.\n- Fix consumable usage in situations where some consumables were missing preventing using consumables that aren't missing.",
	"ApplicableVersion": "any",
	"DalamudApiLevel": 10,
	"IsHide": false,
	"IsTestingExclusive": false,
	"RepoUrl": "https://github.com/priprii/FFXIVPlugins",
	"DownloadLinkInstall": "https://github.com/priprii/FFXIVPlugins/raw/main/bin/ArtisanPyon.zip",
	"DownloadLinkTesting": "https://github.com/priprii/FFXIVPlugins/raw/main/bin/ArtisanPyon.zip",
	"DownloadLinkUpdate": "https://github.com/priprii/FFXIVPlugins/raw/main/bin/ArtisanPyon.zip",
}