{
	"Author": "Pyon",
	"Name": "DebuffsPyon",
	"InternalName": "DebuffsPyon",
	"Punchline": "Display debuffs on party members.",
	"Description": "Display debuffs on party members.",
	"Tags": [ "debuffs", "debuff", "party", "player", "players", "pyon" ],
	"CategoryTags": [ "utility" ],
	"AssemblyVersion": "1.0.0.1",
	"Changelog": "",
	"ApplicableVersion": "any",
	"DalamudApiLevel": 8,
	"IsHide": false,
	"IsTestingExclusive": false,
	"RepoUrl": "https://github.com/priprii/FFXIVPlugins",
	"DownloadLinkInstall": "https://github.com/priprii/FFXIVPlugins/raw/main/bin/DebuffsPyon.zip",
	"DownloadLinkTesting": "https://github.com/priprii/FFXIVPlugins/raw/main/bin/DebuffsPyon.zip",
	"DownloadLinkUpdate": "https://github.com/priprii/FFXIVPlugins/raw/main/bin/DebuffsPyon.zip"
}