[{
	"Author": "Pyon",
	"Name": "DebuffsPyon",
	"Punchline": "Display debuffs on party members.",
	"Description": "Display debuffs on party members.",
	"Changelog": "Updated for 6.5, Dalamud Api9",
	"InternalName": "DebuffsPyon",
	"AssemblyVersion": "1.0.0.2",
	"RepoUrl": "https://github.com/priprii/FFXIVDebuffsPyon",
	"ApplicableVersion": "any",
	"CategoryTags": [ "minigames" ],
	"Tags": [ "debuffs", "debuff", "party", "player", "players", "pyon" ],
	"DalamudApiLevel": 9,
	"IconUrl": "",
	"ImageUrls": [ "" ],
	"DownloadLinkInstall": "https://github.com/priprii/FFXIVDebuffsPyon/raw/main/bin/DebuffsPyon.zip",
	"IsHide": false,
	"IsTestingExclusive": false,
	"DownloadLinkTesting": "https://github.com/priprii/FFXIVDebuffsPyon/raw/main/bin/DebuffsPyon.zip",
	"DownloadLinkUpdate": "https://github.com/priprii/FFXIVDebuffsPyon/raw/main/bin/DebuffsPyon.zip",
	"DownloadCount": 0
}]