{
	"Author": "Pyon",
	"Name": "PvPyon",
	"InternalName": "PvPyon",
	"Punchline": "Now you can see the names of people bullying you in pvp.",
	"Description": "Now you can see the names of people bullying you in pvp.",
	"Tags": [ "pvp", "nameplate", "name", "pyon" ],
	"CategoryTags": [ "utility" ],
	"AssemblyVersion": "1.0.0.1",
	"Changelog": "",
	"ApplicableVersion": "any",
	"DalamudApiLevel": 8,
	"IsHide": false,
	"IsTestingExclusive": false,
	"RepoUrl": "https://github.com/priprii/FFXIVPlugins",
	"DownloadLinkInstall": "https://github.com/priprii/FFXIVPlugins/raw/main/bin/PvPyon.zip",
	"DownloadLinkTesting": "https://github.com/priprii/FFXIVPlugins/raw/main/bin/PvPyon.zip",
	"DownloadLinkUpdate": "https://github.com/priprii/FFXIVPlugins/raw/main/bin/PvPyon.zip",
}